{
  "compute_H_B": {
    "count": 4,
    "min_seconds": 148.734502837,
    "max_seconds": 207.039199726,
    "avg_seconds": 177.795269945,
    "total_seconds": 711.18107978
  },
  "stack_results": {
    "count": 4,
    "min_seconds": 15.416527701,
    "max_seconds": 15.698888542,
    "avg_seconds": 15.577633599,
    "total_seconds": 62.310534396
  },
  "frequency_loop": {
    "count": 168,
    "min_seconds": 0.370995568,
    "max_seconds": 3.72775553,
    "avg_seconds": 2.756512998708333,
    "total_seconds": 463.094183783
  },
  "accumulate_H_B": {
    "count": 50400,
    "min_seconds": 0.000331367,
    "max_seconds": 0.45703148,
    "avg_seconds": 0.00850186118486111,
    "total_seconds": 428.493803717
  },
  "cleanup_batch": {
    "count": 168,
    "min_seconds": 1.246e-05,
    "max_seconds": 0.000139429,
    "avg_seconds": 2.1415880952380954e-05,
    "total_seconds": 0.003597868
  },
  "dtoh_memcpy": {
    "count": 2586,
    "total_gb": 50.332448054,
    "avg_mb_per_transfer": 19.463436989172465,
    "total_time_s": 2.284705573
  }
}